x,y
2290.31,1779.49
2542.83,1430.59
3227.5,535.0
3218.7,537.7
2960.4,550.2
2970.3,598.8
2083.2,647.1
3046.4,741.4
2586.4,779.4
2959.2,892.3
2907.7,922.4
2784.6,967.2
1502.8,993.7
2297.9,1025.8
2509.9,1055.8
2435.8,1092.9
3108.6,1096.7
2438.5,1100.4
2441.8,1107.3
2128.2,1108.6
2691.7,1109.7
2059.9,1126.7
2065.2,1139.7
2852.2,1153.0
2359.3,1155.8
2349.9,1158.5
2855.3,1162.7
2612.6,1216.6
3482.4,1225.5
3524.1,1231.4
2559.8,1231.9
3557.8,1240.6
3486.9,1236.2
2668.1,1245.2
2769.6,1468.3
2775.0,1480.3
2564.1,1240.4
3424.2,1240.6
3492.3,1247.2
3564.3,1251.5
3586.96,1229.41
3428.7,1252.8
3463.4,1258.8
2636.3,1262.2
2330.5,1263.3
3433.3,1264.1
2322.7,1266.1
2315.3,1269.7
2414.0,1271.1
2405.5,1275.5
3288.3,1276.3
2396.8,1276.6
2826.8,1276.8
3406.96,1284.0
3297.1,1281.8
3473.3,1284.7
3149.9,1299.9
3090.4,1301.7
3428.1,1305.6
2851.8,1326.0
3411.2,1331.8
3346.3,1331.8
2802.5,1337.6
3316.4,1349.5
2628.1,1354.0
2706.0,1228.43
2867.2,1356.5
3339.3,1359.7
3321.0,1370.0
3358.6,1360.9
2598.0,1373.1
2816.4,1373.7
3249.4,1381.4
2444.0,1391.4
2393.3,1406.1
2380.9,1411.2
3154.6,1428.1
2903.9,1429.7
2852.2,1437.9
3217.7,1446.4
2493.0,1462.7
2485.2,1466.3
2476.4,1469.8
2932.8,1470.5
2925.4,1475.0
3230.2,1477.7
2882.1,1496.1
2874.7,1499.9
2866.1,1502.2
2043.4,1502.7
1563.4,1505.4
2035.1,1506.7
2717.8,1507.7
2624.6,1345.7
2747.41,1492.6
2023.0,1512.1
2010.8,1517.2
2442.4,1520.6
3253.5,1521.5
2664.6,1534.9
2757.8,1537.4
3080.2,1539.3
3173.5,1539.4
2760.9,1545.5
3280.3,1548.8
2910.4,1552.9
2900.0,1559.8
2707.2,1563.8
2885.4,1565.8
2977.7,1567.3
2712.3,1571.5
2464.9,1576.9
2675.4,1580.0
2717.9,1585.2
2678.0,1588.8
2649.3,1591.8
2683.0,1595.9
2652.6,1599.3
1936.0,1600.1
2686.5,1604.3
3338.6,1608.0
3040.9,1610.9
3330.9,1611.5
2690.8,1612.7
3323.3,1616.0
3315.5,1617.3
2538.3,1620.9
3307.2,1621.9
2859.6,1622.0
2864.6,1630.1
2484.2,1634.9
2478.59,1637.9
2870.6,1644.5
2875.6,1651.9
3111.7,1654.5
2841.8,1658.6
3275.9,1659.7
2814.3,1672.0
2244.7,1672.1
2833.1,1672.7
1771.4,1679.5
2214.7,1684.7
1763.1,1685.5
2726.2,1686.5
3331.1,1689.3
2729.2,1695.7
2732.7,1702.9
2768.9,1702.9
1750.5,1690.6
1769.24,1717.49
1934.0,1714.0
1949.5,1739.37
1937.83,1745.5
1994.0,1705.3
2965.8,1706.7
1985.7,1708.1
2700.8,1708.7
2737.1,1710.0
3297.2,1712.6
2705.2,1716.7
2741.0,1718.0
3141.9,1720.9
2935.8,1722.5
2708.5,1724.3
1733.2,1730.8
2712.8,1732.0
1593.3,1734.0
2905.2,1738.8
2627.5,1744.5
1785.3,1748.0
2632.1,1752.8
3315.3,1758.3
3356.7,1760.5
2221.3,1761.0
2634.8,1761.3
3307.9,1762.6
3075.1,1776.3
1622.0,1779.8
1762.4,1780.4
3017.8,1782.8
2241.0,1793.7
1496.8,1794.1
3373.6,1806.6
2984.3,1812.1
1465.0,1817.5
2065.1,1817.6
2056.4,1821.3
2048.1,1824.1
2468.3,1825.4
2039.6999999999998,1828.0
3203.7,1829.8
3337.5,1815.94
3329.5,1817.94
1985.2,1830.4
1587.0,1830.5
2514.0,1831.0
2471.7,1834.0
2926.9,1838.2
2476.0,1840.0
2960.7,1842.7
2968.0,1854.0
1849.0,1851.2
2451.4,1861.9
2693.1,1855.0
3131.8,1861.8
2696.3,1862.3
2408.5,1864.2
1773.8,1864.7
2075.1,1864.7
2066.4,1866.7
1955.6,1867.8
2700.4,1868.0
3069.9,1870.4
1779.7,1871.7
2059.6,1871.9
2410.7,1872.4
3062.0,1874.4
2663.7,1875.4
3054.3,1877.4
3140.5,1894.97
3123.14,1867.0
1696.8,1881.0
1913.3,1881.4
2376.5,1888.2
1690.9,1890.0
2633.5,1890.2
1917.3,1890.6
2285.9,1892.4
2081.6,1897.9
2603.2,1900.1
2073.5,1902.1
1968.2,1909.2
1973.0,1917.0
2577.0,1918.1
1939.9,1928.4
2086.1,1929.3
1339.6,1935.6
1945.4,1936.8
3165.6,1939.0
2501.2,1942.3
2470.0,1943.2
1950.3,1944.4
1912.6,1945.3
1664.4,1945.5
1745.8,1888.0
2560.9,1945.8
2473.3,1951.7
2755.7,1954.2
2981.5,1954.6
2444.3,1955.4
2100.2,1958.3
2476.9,1960.9
2448.2,1963.7
3315.2,1966.2
1815.9,1968.5
1475.6,1968.6
2415.1,1969.2
2481.9,1970.1
3730.1,1971.0
2451.8,1972.4
3177.7,1973.2
2136.3,1977.5
2419.4,1977.9
2768.6,1979.6
3616.2,1980.0
2761.2,1982.0
2125.4,1982.6
2754.8,1984.5
2999.0,1986.3
1885.4,1986.5
2424.4,1986.7
2114.2,1988.0
2375.7,1988.7
1872.9,1994.1
2186.1,1994.3
2427.5,1996.3
2380.8,1997.1
3045.8,1998.3
3037.8,2003.5
2780.1,2004.9
2433.3,2005.4
2385.6,2005.5
2055.7,2006.2
2015.4,1920.4
2008.0,1926.2
2338.9,2006.3
3208.7,2008.2
3030.4,2008.5
1900.5,2011.8
3022.8,2012.2
3199.5,2013.4
2437.0,2014.6
2388.9,2015.9
3015.0,2016.0
1801.3,2017.0
2538.5,2019.9
2441.1,2023.3
2530.2,2025.1
3611.6,2027.6
3613.84,2031.5
2521.2,2029.2
3543.0,2029.3
2446.1,2032.9
2512.1,2033.0
1539.9,2034.3000000000002
2504.2,2037.5
1917.5,2041.1999999999998
2266.4,2042.8000000000002
2066.0,2042.8000000000002
2795.78,2353.0
3284.6,2044.9
2059.3,2047.1999999999998
3216.8,2047.5
1902.9,2048.8
2051.6,2049.0
1912.0,2049.4
2607.4,2049.4
3276.5,2050.1
2272.0,2051.9
2455.7,2052.1
2773.5,2363.56
1895.4,2053.3
2082.5,2054.8
3261.6,2058.4
2275.4,2061.7
2459.9,2062.1
2227.4,2062.3
3254.9,2064.9
2242.9,2066.0
1580.9,2066.2
3246.6,2068.0
2464.5,2072.0
2637.4,2072.1
2081.7,2072.2
2798.0,2076.3
2804.0,2074.74
2629.6,2074.8
3231.6,2075.0
2220.1,2077.4
2621.3,2078.4
3795.2,2079.6
2790.8,2080.2
2469.4,2080.5
2224.7,2086.2
1712.9,2088.2
2472.7,2088.5
1946.0,2089.4
2709.1,2090.1
2682.0,2104.1
2736.5,2075.0
2763.0,2059.4
2786.0,2038.0
2794.1,2032.9
2165.4,2091.6
1937.8,2093.4
2758.9,2095.4
2477.1,2097.0
1628.0,2100.3
2169.7,2100.7
2819.7,2102.3
3247.0,2103.1
3257.6,2103.5
2727.5,2103.7
1466.3,2104.0
2481.7,2105.5
1686.3,2108.2
2174.2,2110.1
2732.4,2111.9
2485.3,2113.6
1692.5,2115.5
1961.8,2117.2
2178.4,2120.0
2697.2,2124.2
2489.1,2121.3
2587.8,2123.5
2578.8,2127.6
2703.4,2128.5
2833.0,2129.1
1585.1,2133.3
1636.5,2146.1
2130.3,2149.4
3274.9,2152.3
1642.2,2153.0
3430.8,2159.2
1647.7,2160.7
2663.2,2163.4
2560.1,2165.8
2201.7,2165.8
1653.6,2169.1
2193.9,2170.4
2523.8,2176.0
1660.0,2177.2
1593.4,2179.7
2527.4,2184.6
1666.2,2185.7
1818.3,2186.8
1598.9,2187.1
3059.6,2187.6
1671.9,2193.3
2682.3,2194.3
2865.5,2195.0
2896.0,2233.3
2861.5,2198.0
1678.7,2201.3
2586.3,2202.1
2464.2,2218.2
2496.93,2201.09
1892.8,2211.0
2641.1,2215.9
3001.2,2219.5
2633.6,2220.4
2627.6,2225.2
2619.4,2229.5
3007.9,2233.3
2239.2,2240.7
2422.2,2242.3
2658.5,2242.9
2231.0,2245.8
2186.3,2254.7
2929.1,2259.2
2375.1,2268.3
2935.6,2268.5
2244.4,2268.9
2943.0,2279.1
2488.1,2281.0
2565.1,2286.9
2681.8,2288.1
2949.7,2289.5
2338.9,2289.6
2674.2,2292.4
2259.2,2293.2
3128.4,2293.9
3194.0,2380.12
2954.0,2296.5
2294.5,2304.9
2960.0,2305.1
2698.1,2313.1
2704.7,2310.03
2300.4,2313.2
2505.5,2313.4
3119.5,2323.3
2587.9,2330.4
3124.7,2330.5
3029.8,2337.0
3127.8,2337.8
3132.5,2342.7
3033.3,2344.6
3139.5,2348.4
3038.4,2351.2
3141.0,2356.7
2453.05,2045.0
2739.5,2359.8
3105.1,2360.3
3146.1,2363.5
3149.5,2371.6
3451.5,2372.9
3072.6,2376.3
2367.6,2377.8
2000.5,2378.9
3155.2,2379.3
2358.7,2382.4
3078.0,2384.5
2156.2,2387.9
1958.8,2391.4
3174.6,2392.3
3041.2,2393.6
2161.0,2394.7
3166.8,2398.3
3195.4,2400.8
2166.8,2401.9
2552.6,2402.9
3401.5,2404.7
2017.7,2406.6
3448.0,2419.3
2634.6,2420.0
2058.5,2420.2
2139.0,2420.6
2050.1,2425.0
3106.4,2428.4
2042.1,2429.1
2567.0,2431.4
2034.4,2434.5
3206.3,2438.9
1999.2,2443.7
3198.0,2446.1
2648.9,2448.8
2086.8,2457.2
2237.6,2463.7
2148.2,2469.5
2666.7,2475.3
2591.2,2478.4
2209.0,2487.8
2255.5,2493.0
1863.9,2498.3
3321.3,2512.6
2687.9,2525.5
2902.4,2531.9
3048.4,2554.7
2871.7,2560.1
3188.3,2566.5
2891.1,2586.6
2513.3,2595.2
3052.0,2596.4
3371.2,2615.9
3182.0,2617.9
2753.7,2618.0
2745.3,2624.2
3385.4,2641.0
2983.9,2641.8
2764.8,2651.5
1979.1,2666.5
2803.0,2669.7
2794.4,2675.1
2704.0,2678.2
2785.9,2681.3
2692.6,2686.9
2683.7,2692.3
2971.1,2709.0
2976.5,2718.6
2985.2,2730.7
2090.3,2731.5
2096.3,2739.4
3173.5,2753.6
3572.4,2809.3
1347.6,3032.0
1313.0,3083.2
1317.5,3092.0
3204.1,3100.0
1322.7,3100.3
3794.9,3108.0
3290.0,3141.8
3284.0,3427.25
3883.82,3151.0
1515.5,3316.5
4196.0,4120.0
4222.5,4120.0
